{"sources":[{"balance":0.5,"deinterlace_field_order":0,"deinterlace_mode":0,"enabled":true,"flags":0,"hotkeys":{},"id":"color_source","mixers":0,"monitoring_type":0,"muted":false,"name":"Background","prev_ver":453115908,"private_settings":{},"push-to-mute":false,"push-to-mute-delay":0,"push-to-talk":false,"push-to-talk-delay":0,"settings":{"color":1683973884},"sync":0,"versioned_id":"color_source_v3","volume":1.0},{"balance":0.5,"deinterlace_field_order":0,"deinterlace_mode":0,"enabled":true,"flags":0,"hotkeys":{},"id":"text_gdiplus","mixers":0,"monitoring_type":0,"muted":false,"name":"amount","prev_ver":453115908,"private_settings":{},"push-to-mute":false,"push-to-mute-delay":0,"push-to-talk":false,"push-to-talk-delay":0,"settings":{"align":"left","extents":true,"extents_cx":200,"extents_wrap":true,"font":{"face":"Fira Sans Black","flags":1,"size":72,"style":"Regular"},"text":"69.00","transform":1,"valign":"center"},"sync":0,"versioned_id":"text_gdiplus_v2","volume":1.0},{"balance":0.5,"deinterlace_field_order":0,"deinterlace_mode":0,"enabled":true,"flags":0,"hotkeys":{},"id":"text_gdiplus","mixers":0,"monitoring_type":0,"muted":false,"name":"event","prev_ver":453115908,"private_settings":{},"push-to-mute":false,"push-to-mute-delay":0,"push-to-talk":false,"push-to-talk-delay":0,"settings":{"font":{"face":"Fira Sans Black","flags":1,"size":72,"style":"Regular"},"text":" Just Tipped"},"sync":0,"versioned_id":"text_gdiplus_v2","volume":1.0},{"balance":0.5,"deinterlace_field_order":0,"deinterlace_mode":0,"enabled":true,"flags":0,"hotkeys":{},"id":"text_gdiplus","mixers":0,"monitoring_type":0,"muted":false,"name":"username","prev_ver":453115908,"private_settings":{},"push-to-mute":false,"push-to-mute-delay":0,"push-to-talk":false,"push-to-talk-delay":0,"settings":{"align":"center","extents":true,"extents_cx":300,"font":{"face":"Fira Sans Black","flags":1,"size":36,"style":"Regular"},"outline":false,"text":"Elon mustard","transform":1,"valign":"center"},"sync":0,"versioned_id":"text_gdiplus_v2","volume":1.0},{"balance":0.5,"deinterlace_field_order":0,"deinterlace_mode":0,"enabled":true,"flags":0,"hotkeys":{"MediaSource.Pause":[],"MediaSource.Play":[],"MediaSource.Restart":[],"MediaSource.Stop":[],"libobs.mute":[],"libobs.push-to-mute":[],"libobs.push-to-talk":[],"libobs.unmute":[]},"id":"ffmpeg_source","mixers":255,"monitoring_type":2,"muted":false,"name":"pouring.mp3","prev_ver":453115908,"private_settings":{},"push-to-mute":false,"push-to-mute-delay":0,"push-to-talk":false,"push-to-talk-delay":0,"settings":{"local_file":"C:/Users/thoma/Downloads/pouring.mp3"},"sync":0,"versioned_id":"ffmpeg_source","volume":0.18600314855575562},{"balance":0.5,"deinterlace_field_order":0,"deinterlace_mode":0,"enabled":true,"flags":0,"hotkeys":{},"id":"text_gdiplus","mixers":0,"monitoring_type":0,"muted":false,"name":"Ko-Fi URL","prev_ver":453115908,"private_settings":{},"push-to-mute":false,"push-to-mute-delay":0,"push-to-talk":false,"push-to-talk-delay":0,"settings":{"font":{"face":"Fira Sans","flags":1,"size":48,"style":"Black"},"text":"Ko-Fi.com/gezel"},"sync":0,"versioned_id":"text_gdiplus_v2","volume":1.0},{"balance":0.5,"deinterlace_field_order":0,"deinterlace_mode":0,"enabled":true,"flags":0,"hotkeys":{"OBSBasic.SelectScene":[],"libobs.hide_scene_item.Background":[],"libobs.hide_scene_item.Ko-Fi URL":[],"libobs.hide_scene_item.amount":[],"libobs.hide_scene_item.event":[],"libobs.hide_scene_item.pouring.mp3":[],"libobs.hide_scene_item.username":[],"libobs.show_scene_item.Background":[],"libobs.show_scene_item.Ko-Fi URL":[],"libobs.show_scene_item.amount":[],"libobs.show_scene_item.event":[],"libobs.show_scene_item.pouring.mp3":[],"libobs.show_scene_item.username":[]},"id":"scene","mixers":0,"monitoring_type":0,"muted":false,"name":"KoFi alert","prev_ver":453115908,"private_settings":{},"push-to-mute":false,"push-to-mute-delay":0,"push-to-talk":false,"push-to-talk-delay":0,"settings":{"custom_size":false,"id_counter":7,"items":[{"align":5,"blend_type":"normal","bounds":{"x":0.0,"y":0.0},"bounds_align":0,"bounds_type":0,"crop_bottom":756,"crop_left":0,"crop_right":1367,"crop_top":0,"group_item_backup":false,"hide_transition":{"duration":300,"id":"slide_transition","name":"Background Hide Transition","transition":{"direction":"left"},"versioned_id":"slide_transition"},"id":6,"locked":false,"name":"Background","pos":{"x":0.0,"y":211.0},"private_settings":{},"rot":0.0,"scale":{"x":0.8046875,"y":0.8046296238899231},"scale_filter":"disable","show_transition":{"duration":300,"id":"swipe_transition","name":"Background Show Transition","transition":{"direction":"right"},"versioned_id":"swipe_transition"},"visible":false},{"align":5,"blend_type":"normal","bounds":{"x":0.0,"y":0.0},"bounds_align":0,"bounds_type":0,"crop_bottom":0,"crop_left":0,"crop_right":0,"crop_top":0,"group_item_backup":false,"hide_transition":{"duration":300,"id":"slide_transition","name":"amount Hide Transition","transition":{"direction":"left"},"versioned_id":"slide_transition"},"id":4,"locked":false,"name":"amount","pos":{"x":63.0,"y":264.0},"private_settings":{},"rot":0.0,"scale":{"x":1.9833333492279053,"y":1.9861111640930176},"scale_filter":"disable","show_transition":{"duration":300,"id":"slide_transition","name":"amount Show Transition","transition":{"direction":"right"},"versioned_id":"slide_transition"},"visible":false},{"align":5,"blend_type":"normal","bounds":{"x":0.0,"y":0.0},"bounds_align":0,"bounds_type":0,"crop_bottom":0,"crop_left":0,"crop_right":0,"crop_top":0,"group_item_backup":false,"hide_transition":{"duration":300,"id":"swipe_transition","name":"event Hide Transition","transition":{"direction":"left"},"versioned_id":"swipe_transition"},"id":3,"locked":false,"name":"event","pos":{"x":93.0,"y":256.0},"private_settings":{},"rot":0.0,"scale":{"x":0.78250002861022949,"y":0.77777779102325439},"scale_filter":"disable","show_transition":{"duration":300,"id":"swipe_transition","name":"event Show Transition","transition":{"direction":"right"},"versioned_id":"swipe_transition"},"visible":false},{"align":5,"blend_type":"normal","bounds":{"x":0.0,"y":0.0},"bounds_align":0,"bounds_type":0,"crop_bottom":0,"crop_left":0,"crop_right":0,"crop_top":0,"group_item_backup":false,"hide_transition":{"duration":300,"id":"slide_transition","name":"username Hide Transition","transition":{"direction":"left"},"versioned_id":"slide_transition"},"id":2,"locked":false,"name":"username","pos":{"x":81.0,"y":192.0},"private_settings":{},"rot":0.0,"scale":{"x":1.0,"y":1.0},"scale_filter":"disable","show_transition":{"duration":300,"id":"slide_transition","name":"username Show Transition","transition":{"direction":"right"},"versioned_id":"slide_transition"},"visible":false},{"align":5,"blend_type":"normal","bounds":{"x":0.0,"y":0.0},"bounds_align":0,"bounds_type":0,"crop_bottom":0,"crop_left":0,"crop_right":0,"crop_top":0,"group_item_backup":false,"hide_transition":{"duration":0},"id":5,"locked":false,"name":"pouring.mp3","pos":{"x":0.0,"y":0.0},"private_settings":{},"rot":0.0,"scale":{"x":1.0,"y":1.0},"scale_filter":"disable","show_transition":{"duration":0},"visible":false},{"align":5,"blend_type":"normal","bounds":{"x":0.0,"y":0.0},"bounds_align":0,"bounds_type":0,"crop_bottom":0,"crop_left":0,"crop_right":0,"crop_top":0,"group_item_backup":false,"hide_transition":{"duration":300,"id":"slide_transition","name":"Ko-Fi URL Hide Transition","transition":{"direction":"left"},"versioned_id":"slide_transition"},"id":7,"locked":false,"name":"Ko-Fi URL","pos":{"x":73.0,"y":422.61758422851562},"private_settings":{},"rot":0.0,"scale":{"x":1.0,"y":1.0},"scale_filter":"disable","show_transition":{"duration":300,"id":"slide_transition","name":"Ko-Fi URL Show Transition","transition":{"direction":"right"},"versioned_id":"slide_transition"},"visible":false}]},"sync":0,"versioned_id":"scene","volume":1.0}]}