{"sources":[{"balance":0.5,"deinterlace_field_order":0,"deinterlace_mode":0,"enabled":true,"filters":[{"balance":0.5,"deinterlace_field_order":0,"deinterlace_mode":0,"enabled":true,"flags":0,"hotkeys":{},"id":"shader_filter","mixers":0,"monitoring_type":0,"muted":false,"name":"Glitch","prev_ver":453115908,"private_settings":{},"push-to-mute":false,"push-to-mute-delay":0,"push-to-talk":false,"push-to-talk-delay":0,"settings":{"AMT":0.040000000000000001,"SPEED":0.29999999999999999,"from_file":true,"shader_file_name":"C:/Program Files/obs-studio/data/obs-plugins/obs-shaderfilter/examples/glitch.shader","use_shader_elapsed_time":false,"use_sliders":true},"sync":0,"versioned_id":"shader_filter","volume":1.0},{"balance":0.5,"deinterlace_field_order":0,"deinterlace_mode":0,"enabled":true,"flags":0,"hotkeys":{},"id":"color_filter","mixers":0,"monitoring_type":0,"muted":false,"name":"Color Correction","prev_ver":453115908,"private_settings":{},"push-to-mute":false,"push-to-mute-delay":0,"push-to-talk":false,"push-to-talk-delay":0,"settings":{"brightness":-0.0025000000000000001,"contrast":0.66000000000000003,"gamma":0.02,"saturation":-1.0},"sync":0,"versioned_id":"color_filter_v2","volume":1.0},{"balance":0.5,"deinterlace_field_order":0,"deinterlace_mode":0,"enabled":true,"flags":0,"hotkeys":{},"id":"shader_filter","mixers":0,"monitoring_type":0,"muted":false,"name":"User-defined shader","prev_ver":453115908,"private_settings":{},"push-to-mute":false,"push-to-mute-delay":0,"push-to-talk":false,"push-to-talk-delay":0,"settings":{"Alpha_Percentage":276.60000000000002,"Apply_To_Image":false,"from_file":true,"innerRadius":1.0,"lumaMin":0.0,"lumaMinSmooth":0.0,"noiseIntensity":0.0,"noiseQuality":9.1199999999999992,"offsetIntensity":0.0,"outerRadius":30.0,"range":0.01,"shader_file_name":"C:/Program Files/obs-studio/data/obs-plugins/obs-shaderfilter/examples/vignetting.shader","use_sliders":true},"sync":0,"versioned_id":"shader_filter","volume":1.0},{"balance":0.5,"deinterlace_field_order":0,"deinterlace_mode":0,"enabled":true,"flags":0,"hotkeys":{},"id":"shader_filter","mixers":0,"monitoring_type":0,"muted":false,"name":"User-defined shader 2","prev_ver":453115908,"private_settings":{},"push-to-mute":false,"push-to-mute-delay":0,"push-to-talk":false,"push-to-talk-delay":0,"settings":{"from_file":true,"samples":10,"shader_file_name":"C:/Program Files/obs-studio/data/obs-plugins/obs-shaderfilter/examples/zoom_blur.shader"},"sync":0,"versioned_id":"shader_filter","volume":1.0}],"flags":0,"hotkeys":{"libobs.mute":[],"libobs.push-to-mute":[],"libobs.push-to-talk":[],"libobs.unmute":[]},"id":"streamfx-source-mirror","mixers":255,"monitoring_type":0,"muted":false,"name":"(CHANGE ME) Gameplay/Screen","prev_ver":453115908,"private_settings":{},"push-to-mute":false,"push-to-mute-delay":0,"push-to-talk":false,"push-to-talk-delay":0,"settings":{"Commit":"g81a96998","Version":47244705792},"sync":0,"versioned_id":"streamfx-source-mirror","volume":1.0},{"balance":0.5,"deinterlace_field_order":0,"deinterlace_mode":0,"enabled":true,"filters":[{"balance":0.5,"deinterlace_field_order":0,"deinterlace_mode":0,"enabled":true,"flags":0,"hotkeys":{},"id":"shader_filter","mixers":0,"monitoring_type":0,"muted":false,"name":"Glitch","prev_ver":453115908,"private_settings":{},"push-to-mute":false,"push-to-mute-delay":0,"push-to-talk":false,"push-to-talk-delay":0,"settings":{"AMT":0.040000000000000001,"SPEED":0.29999999999999999,"from_file":true,"shader_file_name":"C:/Program Files/obs-studio/data/obs-plugins/obs-shaderfilter/examples/glitch.shader","use_shader_elapsed_time":false,"use_sliders":true},"sync":0,"versioned_id":"shader_filter","volume":1.0},{"balance":0.5,"deinterlace_field_order":0,"deinterlace_mode":0,"enabled":true,"flags":0,"hotkeys":{},"id":"color_filter","mixers":0,"monitoring_type":0,"muted":false,"name":"Color Correction","prev_ver":453115908,"private_settings":{},"push-to-mute":false,"push-to-mute-delay":0,"push-to-talk":false,"push-to-talk-delay":0,"settings":{"brightness":-0.0025000000000000001,"contrast":0.66000000000000003,"gamma":0.02,"saturation":-1.0},"sync":0,"versioned_id":"color_filter_v2","volume":1.0}],"flags":0,"hotkeys":{"libobs.mute":[],"libobs.push-to-mute":[],"libobs.push-to-talk":[],"libobs.unmute":[]},"id":"streamfx-source-mirror","mixers":255,"monitoring_type":0,"muted":false,"name":"(CHANGE ME) 420 cam","prev_ver":453115908,"private_settings":{},"push-to-mute":false,"push-to-mute-delay":0,"push-to-talk":false,"push-to-talk-delay":0,"settings":{"Commit":"g81a96998","Version":47244705792},"sync":0,"versioned_id":"streamfx-source-mirror","volume":1.0},{"balance":0.5,"deinterlace_field_order":0,"deinterlace_mode":0,"enabled":true,"filters":[{"balance":0.5,"deinterlace_field_order":0,"deinterlace_mode":0,"enabled":true,"flags":0,"hotkeys":{},"id":"color_filter","mixers":0,"monitoring_type":0,"muted":false,"name":"Color Correction","prev_ver":453115908,"private_settings":{},"push-to-mute":false,"push-to-mute-delay":0,"push-to-talk":false,"push-to-talk-delay":0,"settings":{"brightness":-0.0025000000000000001,"contrast":-0.27000000000000002,"gamma":-0.68999999999999995,"saturation":-0.69999999999999996},"sync":0,"versioned_id":"color_filter_v2","volume":1.0}],"flags":0,"hotkeys":{},"id":"image_source","mixers":0,"monitoring_type":0,"muted":false,"name":"wide tv.png","prev_ver":453115908,"private_settings":{},"push-to-mute":false,"push-to-mute-delay":0,"push-to-talk":false,"push-to-talk-delay":0,"settings":{"file":"G:/Shared drives/Public Shares/Thug Life/wide tv.png"},"sync":0,"versioned_id":"image_source","volume":1.0},{"balance":0.5,"deinterlace_field_order":0,"deinterlace_mode":0,"enabled":true,"filters":[{"balance":0.5,"deinterlace_field_order":0,"deinterlace_mode":0,"enabled":false,"flags":0,"hotkeys":{},"id":"shader_filter","mixers":0,"monitoring_type":0,"muted":false,"name":"User-defined shader","prev_ver":453115908,"private_settings":{},"push-to-mute":false,"push-to-mute-delay":0,"push-to-talk":false,"push-to-talk-delay":0,"settings":{"Apply_To_Alpha_Layer":true,"blur":1,"ease":true,"from_file":true,"glitch":true,"glow_color":4278255445,"glow_percent":14,"max_brightness":43,"min_brightness":165,"pulse_speed_percent":3,"shader_file_name":"C:/Program Files/obs-studio/data/obs-plugins/obs-shaderfilter/examples/drunk.shader","use_shader_elapsed_time":true,"use_sliders":true},"sync":0,"versioned_id":"shader_filter","volume":1.0},{"balance":0.5,"deinterlace_field_order":0,"deinterlace_mode":0,"enabled":false,"flags":0,"hotkeys":{},"id":"shader_filter","mixers":0,"monitoring_type":0,"muted":false,"name":"User-defined shader 2","prev_ver":453115908,"private_settings":{},"push-to-mute":false,"push-to-mute-delay":0,"push-to-talk":false,"push-to-talk-delay":0,"settings":{"AMT":0.040000000000000001,"SPEED":0.29999999999999999,"from_file":true,"shader_file_name":"C:/Program Files/obs-studio/data/obs-plugins/obs-shaderfilter/examples/glitch.shader","use_shader_elapsed_time":false,"use_sliders":true},"sync":0,"versioned_id":"shader_filter","volume":1.0}],"flags":0,"hotkeys":{"OBSBasic.SelectScene":[],"libobs.hide_scene_item.(CHANGE ME) 420 cam":[],"libobs.hide_scene_item.(CHANGE ME) Gameplay/Screen":[],"libobs.hide_scene_item.wide tv.png":[],"libobs.show_scene_item.(CHANGE ME) 420 cam":[],"libobs.show_scene_item.(CHANGE ME) Gameplay/Screen":[],"libobs.show_scene_item.wide tv.png":[]},"id":"scene","mixers":0,"monitoring_type":0,"muted":false,"name":"Old Timer Streaming","prev_ver":453115908,"private_settings":{},"push-to-mute":false,"push-to-mute-delay":0,"push-to-talk":false,"push-to-talk-delay":0,"settings":{"custom_size":false,"id_counter":7,"items":[{"align":5,"blend_type":"normal","bounds":{"x":0.0,"y":0.0},"bounds_align":0,"bounds_type":0,"crop_bottom":0,"crop_left":0,"crop_right":0,"crop_top":0,"group_item_backup":false,"hide_transition":{"duration":0},"id":7,"locked":false,"name":"(CHANGE ME) Gameplay/Screen","pos":{"x":126.0,"y":136.0},"private_settings":{"color":"","color-preset":4},"rot":0.0,"scale":{"x":0.68593752384185791,"y":0.68611109256744385},"scale_filter":"disable","show_transition":{"duration":0},"visible":true},{"align":5,"blend_type":"normal","bounds":{"x":0.0,"y":0.0},"bounds_align":0,"bounds_type":0,"crop_bottom":0,"crop_left":424,"crop_right":353,"crop_top":0,"group_item_backup":false,"hide_transition":{"duration":0},"id":1,"locked":false,"name":"(CHANGE ME) 420 cam","pos":{"x":1128.0,"y":560.0},"private_settings":{"color":"","color-preset":4},"rot":0.0,"scale":{"x":0.29218751192092896,"y":0.29259258508682251},"scale_filter":"disable","show_transition":{"duration":0},"visible":true},{"align":5,"blend_type":"normal","bounds":{"x":0.0,"y":0.0},"bounds_align":0,"bounds_type":0,"crop_bottom":0,"crop_left":0,"crop_right":0,"crop_top":0,"group_item_backup":false,"hide_transition":{"duration":0},"id":6,"locked":false,"name":"wide tv.png","pos":{"x":0.0,"y":30.0},"private_settings":{},"rot":0.0,"scale":{"x":1.8823529481887817,"y":1.8815789222717285},"scale_filter":"disable","show_transition":{"duration":0},"visible":true}]},"sync":0,"versioned_id":"scene","volume":1.0}]}